{
  "standard_workflow": {
    "baseline": {
      "total_return": -0.08074383211591048,
      "sharpe_ratio": -2.7364203055107117,
      "max_drawdown": -0.08074383211591041,
      "win_rate": 0.0,
      "num_trades": 6
    },
    "optimized": {
      "total_return": -0.09714944542341108,
      "sharpe_ratio": -2.4933415479749,
      "max_drawdown": -0.11590940376123049,
      "win_rate": 0.125,
      "num_trades": 8
    },
    "improvement": {
      "total_return_change": -0.016405613307500608,
      "total_return_pct_change": 20.318100934260585,
      "sharpe_ratio_change": 0.24307875753581154,
      "drawdown_change": -0.03516557164532008,
      "win_rate_change": 0.125,
      "trade_count_change": 2
    }
  },
  "enhanced_workflow": {
    "baseline": {
      "total_return": 0.04,
      "sharpe_ratio": 1.166407861780101,
      "max_drawdown": -0.028654942837842534,
      "win_rate": 1.0,
      "num_trades": 1
    },
    "optimized": {
      "total_return": 0.04,
      "sharpe_ratio": 1.166407861780101,
      "max_drawdown": -0.028654942837842534,
      "win_rate": 1.0,
      "num_trades": 1
    },
    "improvement": {
      "total_return_change": 0.0,
      "total_return_pct_change": 0.0,
      "sharpe_ratio_change": 0.0,
      "drawdown_change": 0.0,
      "win_rate_change": 0.0,
      "trade_count_change": 0
    }
  },
  "comparison": {
    "standard_score": 2,
    "enhanced_score": 1,
    "winner": "standard"
  }
}