{
  "strategy_name": "Stochastic + Fixed SMA50 Filter",
  "trend_filter_window": 50,
  "optimized_metric": "sharpe_ratio",
  "stops_enabled": true,
  "fixed_sl_atr_multiplier": 2.5,
  "fixed_tsl_atr_multiplier": 2.5,
  "best_params_per_split": {
    "0": {
      "stoch_k": 5,
      "stoch_d": 3,
      "stoch_smooth_k": 3,
      "stoch_lower_th": 15,
      "stoch_upper_th": 65
    },
    "1": {
      "stoch_k": 5,
      "stoch_d": 3,
      "stoch_smooth_k": 3,
      "stoch_lower_th": 15,
      "stoch_upper_th": 65
    },
    "2": {
      "stoch_k": 5,
      "stoch_d": 3,
      "stoch_smooth_k": 3,
      "stoch_lower_th": 15,
      "stoch_upper_th": 65
    },
    "3": {
      "stoch_k": 5,
      "stoch_d": 3,
      "stoch_smooth_k": 3,
      "stoch_lower_th": 15,
      "stoch_upper_th": 65
    },
    "4": {
      "stoch_k": 5,
      "stoch_d": 3,
      "stoch_smooth_k": 3,
      "stoch_lower_th": 15,
      "stoch_upper_th": 65
    },
    "5": {
      "stoch_k": 5,
      "stoch_d": 3,
      "stoch_smooth_k": 3,
      "stoch_lower_th": 15,
      "stoch_upper_th": 65
    },
    "6": {
      "stoch_k": 5,
      "stoch_d": 3,
      "stoch_smooth_k": 3,
      "stoch_lower_th": 15,
      "stoch_upper_th": 65
    }
  },
  "oos_sharpe": {
    "0": -0.8591352608338135,
    "1": -1.1521749495351916,
    "2": 0.66124769772572,
    "3": 2.4137978026995546,
    "4": -2.3198718720176266,
    "5": 0.08581019215321264,
    "6": -1.0497604220443093
  },
  "oos_return": {
    "0": -0.06167303064488387,
    "1": -0.08705407833094361,
    "2": 0.030024880731956183,
    "3": 0.12569224360621556,
    "4": -0.0859151915585353,
    "5": 0.0016130790498224087,
    "6": -0.05126914530984322
  },
  "oos_drawdown": {
    "0": 0.14265689233345275,
    "1": 0.12154683934226371,
    "2": 0.04175398173476312,
    "3": 0.06219347661842413,
    "4": 0.09483975393760997,
    "5": 0.07709914519069039,
    "6": 0.08286863340692968
  },
  "oos_mean_sharpe": -0.3171552588360648,
  "oos_std_sharpe": 1.533859103085208,
  "oos_mean_return": -0.018368748922315974,
  "oos_std_return": 0.07717154019377037,
  "oos_mean_drawdown": 0.08899410322344768,
  "oos_std_drawdown": 0.034405574325293654
}