{
  "strategy_name": "Stochastic + Fixed SMA200 Filter",
  "trend_filter_window": 200,
  "optimized_metric": "sharpe_ratio",
  "stops_enabled": true,
  "fixed_sl_atr_multiplier": 1.5,
  "fixed_tsl_atr_multiplier": 3.5,
  "best_params_per_split": {
    "0": {
      "stoch_k": 5,
      "stoch_d": 3,
      "stoch_smooth_k": 3,
      "stoch_lower_th": 15,
      "stoch_upper_th": 65
    },
    "1": {
      "stoch_k": 5,
      "stoch_d": 3,
      "stoch_smooth_k": 3,
      "stoch_lower_th": 15,
      "stoch_upper_th": 65
    },
    "2": {
      "stoch_k": 5,
      "stoch_d": 3,
      "stoch_smooth_k": 3,
      "stoch_lower_th": 15,
      "stoch_upper_th": 65
    },
    "3": {
      "stoch_k": 5,
      "stoch_d": 3,
      "stoch_smooth_k": 3,
      "stoch_lower_th": 15,
      "stoch_upper_th": 65
    },
    "4": {
      "stoch_k": 5,
      "stoch_d": 3,
      "stoch_smooth_k": 3,
      "stoch_lower_th": 15,
      "stoch_upper_th": 65
    },
    "5": {
      "stoch_k": 5,
      "stoch_d": 3,
      "stoch_smooth_k": 3,
      "stoch_lower_th": 15,
      "stoch_upper_th": 65
    },
    "6": {
      "stoch_k": 5,
      "stoch_d": 3,
      "stoch_smooth_k": 3,
      "stoch_lower_th": 15,
      "stoch_upper_th": 65
    }
  },
  "oos_sharpe": {
    "0": 0.4289739830270995,
    "1": -0.6757427859372979,
    "2": -0.7466393718614374,
    "3": 1.220943340490149,
    "4": -2.445393606644803,
    "5": -1.314161074897945,
    "6": -4.491455307987939
  },
  "oos_return": {
    "0": 0.026620532231617106,
    "1": -0.04435412523685809,
    "2": -0.04426347260202182,
    "3": 0.04722742964053741,
    "4": -0.08995593241042643,
    "5": -0.06773570694586924,
    "6": -0.23971454415601756
  },
  "oos_drawdown": {
    "0": 0.07597376755612859,
    "1": 0.08547519272207468,
    "2": 0.08937024867032178,
    "3": 0.045512220706552343,
    "4": 0.10162708490255261,
    "5": 0.08287638696126738,
    "6": 0.24831110708001955
  },
  "oos_mean_sharpe": -1.1462106891160249,
  "oos_std_sharpe": 1.8873423723189764,
  "oos_mean_return": -0.05888225992557695,
  "oos_std_return": 0.0937541474573028,
  "oos_mean_drawdown": 0.10416371551413099,
  "oos_std_drawdown": 0.06587973120451282
}