{
  "optimized_metric": "sharpe_ratio",
  "fixed_sl_atr_multiplier": 2.5,
  "fixed_tsl_atr_multiplier": 2.5,
  "oos_sharpe": {
    "0": null,
    "1": -2.0437277898703696,
    "2": -0.8767360507713922,
    "3": 3.0921576193918203,
    "4": -0.026040232435960237,
    "5": 3.0069412240145312,
    "6": null,
    "7": 1.176015602779695,
    "8": null,
    "9": null,
    "10": null,
    "11": 2.8300106245933967,
    "12": null,
    "13": -0.4604266670569791
  },
  "oos_return": {
    "0": 0.0,
    "1": -0.1026959547199427,
    "2": -0.12084296903057984,
    "3": 0.26180801352103733,
    "4": -0.008858787248322552,
    "5": 0.18561580040374628,
    "6": 0.0,
    "7": 0.03783224100232819,
    "8": 0.0,
    "9": 0.0,
    "10": 0.0,
    "11": 0.256904531815685,
    "12": 0.0,
    "13": -0.045143086820828106
  },
  "oos_drawdown": {
    "0": null,
    "1": 0.1026959547199427,
    "2": 0.15240111998304412,
    "3": 0.07374487170829366,
    "4": 0.10134954999999998,
    "5": 0.008211306188401614,
    "6": null,
    "7": 0.024671006287850288,
    "8": null,
    "9": null,
    "10": null,
    "11": 0.0674488433623021,
    "12": null,
    "13": 0.10134954999999987
  },
  "best_params_per_split": {
    "0": {
      "window": 10,
      "lower_th": 25,
      "upper_th": 55
    },
    "1": {
      "window": 10,
      "lower_th": 25,
      "upper_th": 55
    },
    "2": {
      "window": 10,
      "lower_th": 25,
      "upper_th": 55
    },
    "3": {
      "window": 10,
      "lower_th": 25,
      "upper_th": 55
    },
    "4": {
      "window": 10,
      "lower_th": 25,
      "upper_th": 55
    },
    "5": {
      "window": 10,
      "lower_th": 25,
      "upper_th": 55
    },
    "6": {
      "window": 10,
      "lower_th": 25,
      "upper_th": 55
    },
    "7": {
      "window": 10,
      "lower_th": 25,
      "upper_th": 55
    },
    "8": {
      "window": 10,
      "lower_th": 25,
      "upper_th": 55
    },
    "9": {
      "window": 10,
      "lower_th": 25,
      "upper_th": 55
    },
    "10": {
      "window": 10,
      "lower_th": 25,
      "upper_th": 55
    },
    "11": {
      "window": 10,
      "lower_th": 25,
      "upper_th": 55
    },
    "12": {
      "window": 10,
      "lower_th": 25,
      "upper_th": 55
    },
    "13": {
      "window": 10,
      "lower_th": 25,
      "upper_th": 55
    }
  },
  "oos_mean_sharpe": 0.8372742913305927,
  "oos_std_sharpe": 1.983684932536331,
  "oos_mean_return": 0.033187127780223105,
  "oos_std_return": 0.11841073905462997,
  "oos_mean_drawdown": 0.07898402528122929,
  "oos_std_drawdown": 0.046401893028016866
}