{
  "strategy_name": "Stochastic + Fixed SMA50 Filter",
  "trend_filter_window": 50,
  "optimized_metric": "sharpe_ratio",
  "stops_enabled": true,
  "fixed_sl_atr_multiplier": 2.0,
  "fixed_tsl_atr_multiplier": 2.0,
  "best_params_per_split": {
    "0": {
      "stoch_k": 5,
      "stoch_d": 3,
      "stoch_smooth_k": 3,
      "stoch_lower_th": 15,
      "stoch_upper_th": 65
    },
    "1": {
      "stoch_k": 5,
      "stoch_d": 3,
      "stoch_smooth_k": 3,
      "stoch_lower_th": 15,
      "stoch_upper_th": 65
    },
    "2": {
      "stoch_k": 5,
      "stoch_d": 3,
      "stoch_smooth_k": 3,
      "stoch_lower_th": 15,
      "stoch_upper_th": 65
    },
    "3": {
      "stoch_k": 5,
      "stoch_d": 3,
      "stoch_smooth_k": 3,
      "stoch_lower_th": 15,
      "stoch_upper_th": 65
    },
    "4": {
      "stoch_k": 5,
      "stoch_d": 3,
      "stoch_smooth_k": 3,
      "stoch_lower_th": 15,
      "stoch_upper_th": 65
    },
    "5": {
      "stoch_k": 5,
      "stoch_d": 3,
      "stoch_smooth_k": 3,
      "stoch_lower_th": 15,
      "stoch_upper_th": 65
    },
    "6": {
      "stoch_k": 5,
      "stoch_d": 3,
      "stoch_smooth_k": 3,
      "stoch_lower_th": 15,
      "stoch_upper_th": 65
    }
  },
  "oos_sharpe": {
    "0": -0.4771309714474943,
    "1": -1.8366122884531209,
    "2": -0.08210001656314381,
    "3": 2.5970759969286012,
    "4": -2.5592204194632946,
    "5": 0.25951239839325446,
    "6": -1.032490124029403
  },
  "oos_return": {
    "0": -0.03448514474943149,
    "1": -0.11191406207037144,
    "2": -0.005968354336236371,
    "3": 0.13507936150690766,
    "4": -0.08860062332244341,
    "5": 0.011201154301265887,
    "6": -0.050403745055213035
  },
  "oos_drawdown": {
    "0": 0.1250125748402727,
    "1": 0.14546756758197735,
    "2": 0.05822273825209215,
    "3": 0.058490501319264705,
    "4": 0.09123431673478882,
    "5": 0.06711202309886917,
    "6": 0.0820320571384813
  },
  "oos_mean_sharpe": -0.44728077494780016,
  "oos_std_sharpe": 1.665078269612994,
  "oos_mean_return": -0.02072734481793174,
  "oos_std_return": 0.08114262311927889,
  "oos_mean_drawdown": 0.08965311128082087,
  "oos_std_drawdown": 0.03389494342106129
}