{
  "strategy_name": "Stochastic + Fixed SMA50 Filter",
  "trend_filter_window": 50,
  "optimized_metric": "sharpe_ratio",
  "stops_enabled": true,
  "fixed_sl_atr_multiplier": 2.5,
  "fixed_tsl_atr_multiplier": 3.0,
  "best_params_per_split": {
    "0": {
      "stoch_k": 5,
      "stoch_d": 3,
      "stoch_smooth_k": 3,
      "stoch_lower_th": 15,
      "stoch_upper_th": 65
    },
    "1": {
      "stoch_k": 5,
      "stoch_d": 3,
      "stoch_smooth_k": 3,
      "stoch_lower_th": 15,
      "stoch_upper_th": 65
    },
    "2": {
      "stoch_k": 5,
      "stoch_d": 3,
      "stoch_smooth_k": 3,
      "stoch_lower_th": 15,
      "stoch_upper_th": 65
    },
    "3": {
      "stoch_k": 5,
      "stoch_d": 3,
      "stoch_smooth_k": 3,
      "stoch_lower_th": 15,
      "stoch_upper_th": 65
    },
    "4": {
      "stoch_k": 5,
      "stoch_d": 3,
      "stoch_smooth_k": 3,
      "stoch_lower_th": 15,
      "stoch_upper_th": 65
    },
    "5": {
      "stoch_k": 5,
      "stoch_d": 3,
      "stoch_smooth_k": 3,
      "stoch_lower_th": 15,
      "stoch_upper_th": 65
    },
    "6": {
      "stoch_k": 5,
      "stoch_d": 3,
      "stoch_smooth_k": 3,
      "stoch_lower_th": 15,
      "stoch_upper_th": 65
    }
  },
  "oos_sharpe": {
    "0": -0.8591352608338135,
    "1": -1.1639319603928715,
    "2": 0.66124769772572,
    "3": 2.3714383498632348,
    "4": -2.1726932281978852,
    "5": 0.06424145824790821,
    "6": -1.0497604220443093
  },
  "oos_return": {
    "0": -0.06167303064488387,
    "1": -0.08802617818352391,
    "2": 0.030024880731956183,
    "3": 0.1235149926510956,
    "4": -0.08326499255792441,
    "5": 0.00038621219381511764,
    "6": -0.05126914530984322
  },
  "oos_drawdown": {
    "0": 0.14265689233345275,
    "1": 0.12248221149049864,
    "2": 0.04175398173476312,
    "3": 0.06345650936906239,
    "4": 0.09221542985153591,
    "5": 0.07822959815085044,
    "6": 0.08286863340692968
  },
  "oos_mean_sharpe": -0.30694190937600235,
  "oos_std_sharpe": 1.49002493223924,
  "oos_mean_return": -0.018615323017044074,
  "oos_std_return": 0.0762076541171337,
  "oos_mean_drawdown": 0.08909475090529899,
  "oos_std_drawdown": 0.03427498624845982
}