{
  "strategy_name": "Stochastic + Fixed SMA100 Filter",
  "trend_filter_window": 100,
  "optimized_metric": "sharpe_ratio",
  "stops_enabled": true,
  "fixed_sl_atr_multiplier": 1.5,
  "fixed_tsl_atr_multiplier": 3.5,
  "best_params_per_split": {
    "0": {
      "stoch_k": 5,
      "stoch_d": 3,
      "stoch_smooth_k": 3,
      "stoch_lower_th": 15,
      "stoch_upper_th": 65
    },
    "1": {
      "stoch_k": 5,
      "stoch_d": 3,
      "stoch_smooth_k": 3,
      "stoch_lower_th": 15,
      "stoch_upper_th": 65
    },
    "2": {
      "stoch_k": 5,
      "stoch_d": 3,
      "stoch_smooth_k": 3,
      "stoch_lower_th": 15,
      "stoch_upper_th": 65
    },
    "3": {
      "stoch_k": 5,
      "stoch_d": 3,
      "stoch_smooth_k": 3,
      "stoch_lower_th": 15,
      "stoch_upper_th": 65
    },
    "4": {
      "stoch_k": 5,
      "stoch_d": 3,
      "stoch_smooth_k": 3,
      "stoch_lower_th": 15,
      "stoch_upper_th": 65
    },
    "5": {
      "stoch_k": 5,
      "stoch_d": 3,
      "stoch_smooth_k": 3,
      "stoch_lower_th": 15,
      "stoch_upper_th": 65
    },
    "6": {
      "stoch_k": 5,
      "stoch_d": 3,
      "stoch_smooth_k": 3,
      "stoch_lower_th": 15,
      "stoch_upper_th": 65
    }
  },
  "oos_sharpe": {
    "0": -1.4885885754155554,
    "1": -0.7931926135373268,
    "2": 0.2057047317218238,
    "3": 1.540765104974508,
    "4": -2.2150342713254187,
    "5": -0.8121985759819277,
    "6": -3.1347810115097423
  },
  "oos_return": {
    "0": -0.09965375110328151,
    "1": -0.057615238471176056,
    "2": 0.008268282857000304,
    "3": 0.0636608297616045,
    "4": -0.08342535452416559,
    "5": -0.03960577584035163,
    "6": -0.15475243564902777
  },
  "oos_drawdown": {
    "0": 0.14592505092084898,
    "1": 0.09354520085534113,
    "2": 0.07549741659405027,
    "3": 0.04511827656177785,
    "4": 0.08993754825240627,
    "5": 0.06209271853071571,
    "6": 0.1643096668408785
  },
  "oos_mean_sharpe": -0.9567607444390914,
  "oos_std_sharpe": 1.540913122133836,
  "oos_mean_return": -0.05187477756705683,
  "oos_std_return": 0.07189254403120053,
  "oos_mean_drawdown": 0.09663226836514552,
  "oos_std_drawdown": 0.04350806774494755
}