{
  "strategy_name": "Stochastic + Fixed SMA100 Filter",
  "trend_filter_window": 100,
  "optimized_metric": "sharpe_ratio",
  "stops_enabled": true,
  "fixed_sl_atr_multiplier": 3.0,
  "fixed_tsl_atr_multiplier": 3.5,
  "best_params_per_split": {
    "0": {
      "stoch_k": 5,
      "stoch_d": 3,
      "stoch_smooth_k": 3,
      "stoch_lower_th": 15,
      "stoch_upper_th": 65
    },
    "1": {
      "stoch_k": 5,
      "stoch_d": 3,
      "stoch_smooth_k": 3,
      "stoch_lower_th": 15,
      "stoch_upper_th": 65
    },
    "2": {
      "stoch_k": 5,
      "stoch_d": 3,
      "stoch_smooth_k": 3,
      "stoch_lower_th": 15,
      "stoch_upper_th": 65
    },
    "3": {
      "stoch_k": 5,
      "stoch_d": 3,
      "stoch_smooth_k": 3,
      "stoch_lower_th": 15,
      "stoch_upper_th": 65
    },
    "4": {
      "stoch_k": 5,
      "stoch_d": 3,
      "stoch_smooth_k": 3,
      "stoch_lower_th": 15,
      "stoch_upper_th": 65
    },
    "5": {
      "stoch_k": 5,
      "stoch_d": 3,
      "stoch_smooth_k": 3,
      "stoch_lower_th": 15,
      "stoch_upper_th": 65
    },
    "6": {
      "stoch_k": 5,
      "stoch_d": 3,
      "stoch_smooth_k": 3,
      "stoch_lower_th": 15,
      "stoch_upper_th": 65
    }
  },
  "oos_sharpe": {
    "0": -2.5454247644030645,
    "1": -0.8027497472488601,
    "2": 0.9914566014333505,
    "3": 0.9116544387135455,
    "4": -2.534714514221776,
    "5": -1.5811224591868533,
    "6": -3.128099307449032
  },
  "oos_return": {
    "0": -0.18604034609607425,
    "1": -0.06633898170677749,
    "2": 0.055740230328556024,
    "3": 0.037246124329444685,
    "4": -0.09988308548053154,
    "5": -0.08281085937068619,
    "6": -0.16405823778346693
  },
  "oos_drawdown": {
    "0": 0.20918088846814722,
    "1": 0.11492642396821783,
    "2": 0.04556707255422932,
    "3": 0.06157088691906405,
    "4": 0.10627834827156538,
    "5": 0.10222665974788275,
    "6": 0.1806851273927641
  },
  "oos_mean_sharpe": -1.2412856789089557,
  "oos_std_sharpe": 1.6763996448868155,
  "oos_mean_return": -0.07230645082564797,
  "oos_std_return": 0.09188573763694285,
  "oos_mean_drawdown": 0.11720505818883867,
  "oos_std_drawdown": 0.05925280882757951
}