{
  "optimized_metric": "sharpe_ratio",
  "fixed_sl_atr_multiplier": 1.0,
  "fixed_tsl_atr_multiplier": 1.0,
  "oos_sharpe": {
    "0": null,
    "1": 0.4045121163569401,
    "2": -2.014834322583172,
    "3": 3.0921576193918203,
    "4": 1.231206045958585,
    "5": 3.0069412240145312,
    "6": null,
    "7": 1.176015602779695,
    "8": null,
    "9": null,
    "10": null,
    "11": 2.8300106245933967,
    "12": null,
    "13": -0.3762680939760132
  },
  "oos_return": {
    "0": 0.0,
    "1": 0.020137536125570295,
    "2": -0.2931040967453353,
    "3": 0.26180801352103733,
    "4": 0.08069800054274275,
    "5": 0.18561580040374628,
    "6": 0.0,
    "7": 0.03783224100232819,
    "8": 0.0,
    "9": 0.0,
    "10": 0.0,
    "11": 0.256904531815685,
    "12": 0.0,
    "13": -0.04920383507109455
  },
  "oos_drawdown": {
    "0": null,
    "1": 0.1390937650227959,
    "2": 0.3573423406077817,
    "3": 0.07374487170829366,
    "4": 0.10218532758266116,
    "5": 0.008211306188401614,
    "6": null,
    "7": 0.024671006287850288,
    "8": null,
    "9": null,
    "10": null,
    "11": 0.0674488433623021,
    "12": null,
    "13": 0.16677122951052697
  },
  "best_params_per_split": {
    "0": {
      "window": 10,
      "lower_th": 25,
      "upper_th": 55
    },
    "1": {
      "window": 10,
      "lower_th": 25,
      "upper_th": 55
    },
    "2": {
      "window": 10,
      "lower_th": 25,
      "upper_th": 55
    },
    "3": {
      "window": 10,
      "lower_th": 25,
      "upper_th": 55
    },
    "4": {
      "window": 10,
      "lower_th": 25,
      "upper_th": 55
    },
    "5": {
      "window": 10,
      "lower_th": 25,
      "upper_th": 55
    },
    "6": {
      "window": 10,
      "lower_th": 25,
      "upper_th": 55
    },
    "7": {
      "window": 10,
      "lower_th": 25,
      "upper_th": 55
    },
    "8": {
      "window": 10,
      "lower_th": 25,
      "upper_th": 55
    },
    "9": {
      "window": 10,
      "lower_th": 25,
      "upper_th": 55
    },
    "10": {
      "window": 10,
      "lower_th": 25,
      "upper_th": 55
    },
    "11": {
      "window": 10,
      "lower_th": 25,
      "upper_th": 55
    },
    "12": {
      "window": 10,
      "lower_th": 25,
      "upper_th": 55
    },
    "13": {
      "window": 10,
      "lower_th": 25,
      "upper_th": 55
    }
  },
  "oos_mean_sharpe": 1.168717602066973,
  "oos_std_sharpe": 1.810624747742864,
  "oos_mean_return": 0.035763442256762853,
  "oos_std_return": 0.13805524578914544,
  "oos_mean_drawdown": 0.11743358628382666,
  "oos_std_drawdown": 0.11060461576509198
}