{
  "optimized_metric": "max_drawdown",
  "fixed_sl_atr_multiplier": 1.0,
  "fixed_tsl_atr_multiplier": 1.0,
  "oos_sharpe": {
    "0": null,
    "1": -2.081186176826614,
    "2": -2.1765690213058,
    "3": 2.473019095251233,
    "4": 0.725975169766776,
    "5": 3.0069412240145312,
    "6": null,
    "7": 1.176015602779695,
    "8": null,
    "9": null,
    "10": null,
    "11": 0.813213383251114,
    "12": null,
    "13": -2.087621843259903
  },
  "oos_return": {
    "0": 0.0,
    "1": -0.04597573066258738,
    "2": -0.2748742394846483,
    "3": 0.13944333757202804,
    "4": 0.035089694916419285,
    "5": 0.18561580040374628,
    "6": 0.0,
    "7": 0.03783224100232819,
    "8": 0.0,
    "9": 0.0,
    "10": 0.0,
    "11": 0.050334718642501136,
    "12": 0.0,
    "13": -0.04202601579336078
  },
  "oos_drawdown": {
    "0": null,
    "1": 0.04597573066258738,
    "2": 0.3109480204848466,
    "3": 0.05043809024845567,
    "4": 0.06150222777583855,
    "5": 0.008211306188401614,
    "6": null,
    "7": 0.024671006287850288,
    "8": null,
    "9": null,
    "10": null,
    "11": 0.06002515857271774,
    "12": null,
    "13": 0.04202601579336078
  },
  "best_params_per_split": {
    "0": {
      "window": 10,
      "lower_th": 25,
      "upper_th": 55
    },
    "1": {
      "window": 10,
      "lower_th": 25,
      "upper_th": 55
    },
    "2": {
      "window": 10,
      "lower_th": 25,
      "upper_th": 55
    },
    "3": {
      "window": 10,
      "lower_th": 25,
      "upper_th": 55
    },
    "4": {
      "window": 10,
      "lower_th": 25,
      "upper_th": 55
    },
    "5": {
      "window": 10,
      "lower_th": 25,
      "upper_th": 55
    },
    "6": {
      "window": 10,
      "lower_th": 25,
      "upper_th": 55
    },
    "7": {
      "window": 10,
      "lower_th": 25,
      "upper_th": 55
    },
    "8": {
      "window": 10,
      "lower_th": 25,
      "upper_th": 55
    },
    "9": {
      "window": 10,
      "lower_th": 25,
      "upper_th": 55
    },
    "10": {
      "window": 10,
      "lower_th": 25,
      "upper_th": 55
    },
    "11": {
      "window": 10,
      "lower_th": 25,
      "upper_th": 55
    },
    "12": {
      "window": 10,
      "lower_th": 25,
      "upper_th": 55
    },
    "13": {
      "window": 10,
      "lower_th": 25,
      "upper_th": 55
    }
  },
  "oos_mean_sharpe": 0.23122342920887906,
  "oos_std_sharpe": 2.0951688304222436,
  "oos_mean_return": 0.006102843328316179,
  "oos_std_return": 0.1030340475444822,
  "oos_mean_drawdown": 0.07547469450175733,
  "oos_std_drawdown": 0.09680821829587728
}