{
  "strategy_name": "Stochastic + Fixed SMA50 Filter",
  "trend_filter_window": 50,
  "optimized_metric": "sharpe_ratio",
  "stops_enabled": true,
  "fixed_sl_atr_multiplier": 2.0,
  "fixed_tsl_atr_multiplier": 3.0,
  "best_params_per_split": {
    "0": {
      "stoch_k": 5,
      "stoch_d": 3,
      "stoch_smooth_k": 3,
      "stoch_lower_th": 15,
      "stoch_upper_th": 65
    },
    "1": {
      "stoch_k": 5,
      "stoch_d": 3,
      "stoch_smooth_k": 3,
      "stoch_lower_th": 15,
      "stoch_upper_th": 65
    },
    "2": {
      "stoch_k": 5,
      "stoch_d": 3,
      "stoch_smooth_k": 3,
      "stoch_lower_th": 15,
      "stoch_upper_th": 65
    },
    "3": {
      "stoch_k": 5,
      "stoch_d": 3,
      "stoch_smooth_k": 3,
      "stoch_lower_th": 15,
      "stoch_upper_th": 65
    },
    "4": {
      "stoch_k": 5,
      "stoch_d": 3,
      "stoch_smooth_k": 3,
      "stoch_lower_th": 15,
      "stoch_upper_th": 65
    },
    "5": {
      "stoch_k": 5,
      "stoch_d": 3,
      "stoch_smooth_k": 3,
      "stoch_lower_th": 15,
      "stoch_upper_th": 65
    },
    "6": {
      "stoch_k": 5,
      "stoch_d": 3,
      "stoch_smooth_k": 3,
      "stoch_lower_th": 15,
      "stoch_upper_th": 65
    }
  },
  "oos_sharpe": {
    "0": -0.5378127839216365,
    "1": -1.8366122884531209,
    "2": -0.08210001656314381,
    "3": 2.5427315549076157,
    "4": -2.4687060981686315,
    "5": 0.25951239839325446,
    "6": -1.0497604220443093
  },
  "oos_return": {
    "0": -0.039032331932373925,
    "1": -0.11191406207037144,
    "2": -0.005968354336236371,
    "3": 0.1324004563826591,
    "4": -0.08977210486151853,
    "5": 0.011201154301265887,
    "6": -0.05126914530984322
  },
  "oos_drawdown": {
    "0": 0.12913341418654012,
    "1": 0.14546756758197735,
    "2": 0.05822273825209215,
    "3": 0.05849050131926429,
    "4": 0.09286964083746362,
    "5": 0.06711202309886917,
    "6": 0.08286863340692968
  },
  "oos_mean_sharpe": -0.45324966512142456,
  "oos_std_sharpe": 1.6309720045066067,
  "oos_mean_return": -0.022050626832345505,
  "oos_std_return": 0.08064654699452815,
  "oos_mean_drawdown": 0.09059493124044805,
  "oos_std_drawdown": 0.03461981884952685
}