{
  "strategy_name": "Stochastic + Fixed SMA100 Filter",
  "trend_filter_window": 100,
  "optimized_metric": "sharpe_ratio",
  "stops_enabled": true,
  "fixed_sl_atr_multiplier": 2.0,
  "fixed_tsl_atr_multiplier": 2.0,
  "best_params_per_split": {
    "0": {
      "stoch_k": 5,
      "stoch_d": 3,
      "stoch_smooth_k": 3,
      "stoch_lower_th": 15,
      "stoch_upper_th": 65
    },
    "1": {
      "stoch_k": 5,
      "stoch_d": 3,
      "stoch_smooth_k": 3,
      "stoch_lower_th": 15,
      "stoch_upper_th": 65
    },
    "2": {
      "stoch_k": 5,
      "stoch_d": 3,
      "stoch_smooth_k": 3,
      "stoch_lower_th": 15,
      "stoch_upper_th": 65
    },
    "3": {
      "stoch_k": 5,
      "stoch_d": 3,
      "stoch_smooth_k": 3,
      "stoch_lower_th": 15,
      "stoch_upper_th": 65
    },
    "4": {
      "stoch_k": 5,
      "stoch_d": 3,
      "stoch_smooth_k": 3,
      "stoch_lower_th": 15,
      "stoch_upper_th": 65
    },
    "5": {
      "stoch_k": 5,
      "stoch_d": 3,
      "stoch_smooth_k": 3,
      "stoch_lower_th": 15,
      "stoch_upper_th": 65
    },
    "6": {
      "stoch_k": 5,
      "stoch_d": 3,
      "stoch_smooth_k": 3,
      "stoch_lower_th": 15,
      "stoch_upper_th": 65
    }
  },
  "oos_sharpe": {
    "0": -1.9369615336808383,
    "1": -1.0347024294617273,
    "2": 0.41511701773735976,
    "3": 1.4012668971024762,
    "4": -2.254736913587473,
    "5": -1.198626206041414,
    "6": -2.828222688858324
  },
  "oos_return": {
    "0": -0.13070482597042102,
    "1": -0.06897237214971992,
    "2": 0.020454367256424667,
    "3": 0.05744264992911466,
    "4": -0.08372741573319636,
    "5": -0.059090299419570516,
    "6": -0.146783080201562
  },
  "oos_drawdown": {
    "0": 0.16222818881671303,
    "1": 0.10446932521272427,
    "2": 0.06432373722674184,
    "3": 0.05062195505057921,
    "4": 0.09082925702585307,
    "5": 0.07900823576463312,
    "6": 0.16375357285963607
  },
  "oos_mean_sharpe": -1.0624094081128488,
  "oos_std_sharpe": 1.5042545668742897,
  "oos_mean_return": -0.05876871089841864,
  "oos_std_return": 0.07464344738191002,
  "oos_mean_drawdown": 0.10217632456526866,
  "oos_std_drawdown": 0.045017458510088884
}