{
  "optimized_metric": "max_drawdown",
  "oos_sharpe": {
    "0": null,
    "1": 2.5533597365479657,
    "2": -0.328032638653312,
    "3": -1.910346109613031,
    "4": -1.04495648620916,
    "5": 3.0069412240145312,
    "6": 3.1926781458703237,
    "7": -1.476842947118996,
    "8": 3.3937010801940106,
    "9": 3.432343080173435,
    "10": -0.2641947909270511,
    "11": -0.2471297765543831,
    "12": null,
    "13": 0.6527427589950441
  },
  "oos_return": {
    "0": 0.0,
    "1": 0.1999870396595983,
    "2": -0.013800676259003193,
    "3": -0.10698400420057423,
    "4": -0.030625702438605365,
    "5": 0.18561580040374628,
    "6": 0.22842700552193113,
    "7": -0.11240370661809884,
    "8": 0.10636429868465984,
    "9": 0.1185729295870673,
    "10": -0.032555529015153115,
    "11": -0.06316356339026916,
    "12": 0.0,
    "13": 0.03430126031793388
  },
  "oos_drawdown": {
    "0": null,
    "1": 0.06596165553999307,
    "2": 0.06131534406105638,
    "3": 0.1653064306929112,
    "4": 0.0580270071219009,
    "5": 0.008211306188401614,
    "6": 0.06487368178689051,
    "7": 0.20080465610039203,
    "8": 0.006792719836859789,
    "9": 0.017505584653275827,
    "10": 0.11504330563614222,
    "11": 0.20945763968565884,
    "12": null,
    "13": 0.13205801892235683
  },
  "best_params_per_split": {
    "0": {
      "window": 30,
      "lower_th": 40,
      "upper_th": 70
    },
    "1": {
      "window": 18,
      "lower_th": 45,
      "upper_th": 65
    },
    "2": {
      "window": 18,
      "lower_th": 45,
      "upper_th": 65
    },
    "3": {
      "window": 18,
      "lower_th": 45,
      "upper_th": 55
    },
    "4": {
      "window": 18,
      "lower_th": 45,
      "upper_th": 55
    },
    "5": {
      "window": 18,
      "lower_th": 35,
      "upper_th": 55
    },
    "6": {
      "window": 10,
      "lower_th": 35,
      "upper_th": 75
    },
    "7": {
      "window": 10,
      "lower_th": 35,
      "upper_th": 70
    },
    "8": {
      "window": 10,
      "lower_th": 35,
      "upper_th": 70
    },
    "9": {
      "window": 10,
      "lower_th": 35,
      "upper_th": 65
    },
    "10": {
      "window": 10,
      "lower_th": 45,
      "upper_th": 75
    },
    "11": {
      "window": 10,
      "lower_th": 45,
      "upper_th": 75
    },
    "12": {
      "window": 10,
      "lower_th": 45,
      "upper_th": 75
    },
    "13": {
      "window": 14,
      "lower_th": 40,
      "upper_th": 65
    }
  },
  "oos_mean_sharpe": 0.9133552730599481,
  "oos_std_sharpe": 2.0588849351557057,
  "oos_mean_return": 0.03669536801808806,
  "oos_std_return": 0.1125176153159958,
  "oos_mean_drawdown": 0.09211311251881993,
  "oos_std_drawdown": 0.07165818926137808
}