{
  "strategy_name": "Stochastic + Fixed SMA50 Filter",
  "trend_filter_window": 50,
  "optimized_metric": "sharpe_ratio",
  "stops_enabled": true,
  "fixed_sl_atr_multiplier": 3.0,
  "fixed_tsl_atr_multiplier": 3.5,
  "best_params_per_split": {
    "0": {
      "stoch_k": 5,
      "stoch_d": 3,
      "stoch_smooth_k": 3,
      "stoch_lower_th": 15,
      "stoch_upper_th": 65
    },
    "1": {
      "stoch_k": 5,
      "stoch_d": 3,
      "stoch_smooth_k": 3,
      "stoch_lower_th": 15,
      "stoch_upper_th": 65
    },
    "2": {
      "stoch_k": 5,
      "stoch_d": 3,
      "stoch_smooth_k": 3,
      "stoch_lower_th": 15,
      "stoch_upper_th": 65
    },
    "3": {
      "stoch_k": 5,
      "stoch_d": 3,
      "stoch_smooth_k": 3,
      "stoch_lower_th": 15,
      "stoch_upper_th": 65
    },
    "4": {
      "stoch_k": 5,
      "stoch_d": 3,
      "stoch_smooth_k": 3,
      "stoch_lower_th": 15,
      "stoch_upper_th": 65
    },
    "5": {
      "stoch_k": 5,
      "stoch_d": 3,
      "stoch_smooth_k": 3,
      "stoch_lower_th": 15,
      "stoch_upper_th": 65
    },
    "6": {
      "stoch_k": 5,
      "stoch_d": 3,
      "stoch_smooth_k": 3,
      "stoch_lower_th": 15,
      "stoch_upper_th": 65
    }
  },
  "oos_sharpe": {
    "0": -1.1545382945436204,
    "1": -1.2043913311776324,
    "2": 0.627513911844521,
    "3": 2.1748856717521323,
    "4": -2.2775797073374613,
    "5": -0.18328521466588557,
    "6": -1.0497604220443093
  },
  "oos_return": {
    "0": -0.08388677687606962,
    "1": -0.09091617864344116,
    "2": 0.02840384854095828,
    "3": 0.11340002089787542,
    "4": -0.08882249498482105,
    "5": -0.014062359765660221,
    "6": -0.05126914530984322
  },
  "oos_drawdown": {
    "0": 0.1563272537068713,
    "1": 0.12526302246523352,
    "2": 0.04175398173476312,
    "3": 0.06934868727524592,
    "4": 0.09771867223973292,
    "5": 0.08806024145927846,
    "6": 0.08286863340692968
  },
  "oos_mean_sharpe": -0.43816505516746507,
  "oos_std_sharpe": 1.465517995728613,
  "oos_mean_return": -0.026736155163000225,
  "oos_std_return": 0.07602745459521729,
  "oos_mean_drawdown": 0.09447721318400785,
  "oos_std_drawdown": 0.037351526568411515
}