{
  "strategy_name": "Stochastic + Fixed SMA100 Filter",
  "trend_filter_window": 100,
  "optimized_metric": "sharpe_ratio",
  "stops_enabled": true,
  "fixed_sl_atr_multiplier": 1.5,
  "fixed_tsl_atr_multiplier": 3.0,
  "best_params_per_split": {
    "0": {
      "stoch_k": 5,
      "stoch_d": 3,
      "stoch_smooth_k": 3,
      "stoch_lower_th": 15,
      "stoch_upper_th": 65
    },
    "1": {
      "stoch_k": 5,
      "stoch_d": 3,
      "stoch_smooth_k": 3,
      "stoch_lower_th": 15,
      "stoch_upper_th": 65
    },
    "2": {
      "stoch_k": 5,
      "stoch_d": 3,
      "stoch_smooth_k": 3,
      "stoch_lower_th": 15,
      "stoch_upper_th": 65
    },
    "3": {
      "stoch_k": 5,
      "stoch_d": 3,
      "stoch_smooth_k": 3,
      "stoch_lower_th": 15,
      "stoch_upper_th": 65
    },
    "4": {
      "stoch_k": 5,
      "stoch_d": 3,
      "stoch_smooth_k": 3,
      "stoch_lower_th": 15,
      "stoch_upper_th": 65
    },
    "5": {
      "stoch_k": 5,
      "stoch_d": 3,
      "stoch_smooth_k": 3,
      "stoch_lower_th": 15,
      "stoch_upper_th": 65
    },
    "6": {
      "stoch_k": 5,
      "stoch_d": 3,
      "stoch_smooth_k": 3,
      "stoch_lower_th": 15,
      "stoch_upper_th": 65
    }
  },
  "oos_sharpe": {
    "0": -1.4885885754155554,
    "1": -0.7931926135373268,
    "2": 0.2057047317218238,
    "3": 1.5443809965889441,
    "4": -2.1823161046099844,
    "5": -0.8121985759819277,
    "6": -3.1347810115097423
  },
  "oos_return": {
    "0": -0.09965375110328151,
    "1": -0.057615238471176056,
    "2": 0.008268282857000304,
    "3": 0.06380623623351549,
    "4": -0.08147896511912149,
    "5": -0.03960577584035163,
    "6": -0.15475243564902777
  },
  "oos_drawdown": {
    "0": 0.14592505092084898,
    "1": 0.09354520085534113,
    "2": 0.07549741659405027,
    "3": 0.04511827656177822,
    "4": 0.08800498779728844,
    "5": 0.06209271853071571,
    "6": 0.1643096668408785
  },
  "oos_mean_sharpe": -0.9515701646776813,
  "oos_std_sharpe": 1.5374816647991798,
  "oos_mean_return": -0.05157594958463467,
  "oos_std_return": 0.07179274759558942,
  "oos_mean_drawdown": 0.09635618830012874,
  "oos_std_drawdown": 0.04356372517088452
}