{
  "strategy_name": "Stochastic + Fixed SMA200 Filter",
  "trend_filter_window": 200,
  "optimized_metric": "sharpe_ratio",
  "stops_enabled": true,
  "fixed_sl_atr_multiplier": 2.0,
  "fixed_tsl_atr_multiplier": 2.0,
  "best_params_per_split": {
    "0": {
      "stoch_k": 5,
      "stoch_d": 3,
      "stoch_smooth_k": 3,
      "stoch_lower_th": 15,
      "stoch_upper_th": 65
    },
    "1": {
      "stoch_k": 5,
      "stoch_d": 3,
      "stoch_smooth_k": 3,
      "stoch_lower_th": 15,
      "stoch_upper_th": 65
    },
    "2": {
      "stoch_k": 5,
      "stoch_d": 3,
      "stoch_smooth_k": 3,
      "stoch_lower_th": 15,
      "stoch_upper_th": 65
    },
    "3": {
      "stoch_k": 5,
      "stoch_d": 3,
      "stoch_smooth_k": 3,
      "stoch_lower_th": 15,
      "stoch_upper_th": 65
    },
    "4": {
      "stoch_k": 5,
      "stoch_d": 3,
      "stoch_smooth_k": 3,
      "stoch_lower_th": 15,
      "stoch_upper_th": 65
    },
    "5": {
      "stoch_k": 5,
      "stoch_d": 3,
      "stoch_smooth_k": 3,
      "stoch_lower_th": 15,
      "stoch_upper_th": 65
    },
    "6": {
      "stoch_k": 5,
      "stoch_d": 3,
      "stoch_smooth_k": 3,
      "stoch_lower_th": 15,
      "stoch_upper_th": 65
    }
  },
  "oos_sharpe": {
    "0": 0.09462660150703535,
    "1": -0.81631558791621,
    "2": -0.43270927899417283,
    "3": 1.3085643931771076,
    "4": -2.394759970994585,
    "5": -1.4326287033691436,
    "6": -3.465257676534301
  },
  "oos_return": {
    "0": 0.0013724561752886074,
    "1": -0.05376055911198655,
    "2": -0.027949789709742802,
    "3": 0.05123528840459185,
    "4": -0.0861670755124769,
    "5": -0.0750455090237103,
    "6": -0.20139677492313848
  },
  "oos_drawdown": {
    "0": 0.08041973401597229,
    "1": 0.09501171142405129,
    "2": 0.07382650353805982,
    "3": 0.04866569848830919,
    "4": 0.09788681941704364,
    "5": 0.09006747230281308,
    "6": 0.22504546006975987
  },
  "oos_mean_sharpe": -1.0197828890177527,
  "oos_std_sharpe": 1.5859021892941394,
  "oos_mean_return": -0.05595885195731065,
  "oos_std_return": 0.07957787523812503,
  "oos_mean_drawdown": 0.10156048560800132,
  "oos_std_drawdown": 0.05693706201151498
}