{
  "strategy_name": "Stochastic + Fixed SMA200 Filter",
  "trend_filter_window": 200,
  "optimized_metric": "sharpe_ratio",
  "stops_enabled": true,
  "fixed_sl_atr_multiplier": 1.5,
  "fixed_tsl_atr_multiplier": 2.0,
  "best_params_per_split": {
    "0": {
      "stoch_k": 5,
      "stoch_d": 3,
      "stoch_smooth_k": 3,
      "stoch_lower_th": 15,
      "stoch_upper_th": 65
    },
    "1": {
      "stoch_k": 5,
      "stoch_d": 3,
      "stoch_smooth_k": 3,
      "stoch_lower_th": 15,
      "stoch_upper_th": 65
    },
    "2": {
      "stoch_k": 5,
      "stoch_d": 3,
      "stoch_smooth_k": 3,
      "stoch_lower_th": 15,
      "stoch_upper_th": 65
    },
    "3": {
      "stoch_k": 5,
      "stoch_d": 3,
      "stoch_smooth_k": 3,
      "stoch_lower_th": 15,
      "stoch_upper_th": 65
    },
    "4": {
      "stoch_k": 5,
      "stoch_d": 3,
      "stoch_smooth_k": 3,
      "stoch_lower_th": 15,
      "stoch_upper_th": 65
    },
    "5": {
      "stoch_k": 5,
      "stoch_d": 3,
      "stoch_smooth_k": 3,
      "stoch_lower_th": 15,
      "stoch_upper_th": 65
    },
    "6": {
      "stoch_k": 5,
      "stoch_d": 3,
      "stoch_smooth_k": 3,
      "stoch_lower_th": 15,
      "stoch_upper_th": 65
    }
  },
  "oos_sharpe": {
    "0": 0.4289739830270995,
    "1": -0.4604205114512654,
    "2": -0.7372746796962294,
    "3": 1.290740900911048,
    "4": -2.2517749020752587,
    "5": -1.1541576821935593,
    "6": -4.340322138939058
  },
  "oos_return": {
    "0": 0.026620532231617106,
    "1": -0.030613366620190388,
    "2": -0.04374824365586191,
    "3": 0.04984834067164556,
    "4": -0.07965871497395965,
    "5": -0.059070204938253115,
    "6": -0.22436793303157507
  },
  "oos_drawdown": {
    "0": 0.07597376755612859,
    "1": 0.08302063104371667,
    "2": 0.08887933638051235,
    "3": 0.045512220706552524,
    "4": 0.09146192743903203,
    "5": 0.07435161928623084,
    "6": 0.23332980732079736
  },
  "oos_mean_sharpe": -1.032033575773889,
  "oos_std_sharpe": 1.8434978110537368,
  "oos_mean_return": -0.05156994147379679,
  "oos_std_return": 0.08907314798630504,
  "oos_mean_drawdown": 0.09893275853328147,
  "oos_std_drawdown": 0.06117971977887164
}