{
  "strategy_name": "Stochastic + Fixed SMA100 Filter",
  "trend_filter_window": 100,
  "optimized_metric": "sharpe_ratio",
  "stops_enabled": true,
  "fixed_sl_atr_multiplier": 2.5,
  "fixed_tsl_atr_multiplier": 3.5,
  "best_params_per_split": {
    "0": {
      "stoch_k": 5,
      "stoch_d": 3,
      "stoch_smooth_k": 3,
      "stoch_lower_th": 15,
      "stoch_upper_th": 65
    },
    "1": {
      "stoch_k": 5,
      "stoch_d": 3,
      "stoch_smooth_k": 3,
      "stoch_lower_th": 15,
      "stoch_upper_th": 65
    },
    "2": {
      "stoch_k": 5,
      "stoch_d": 3,
      "stoch_smooth_k": 3,
      "stoch_lower_th": 15,
      "stoch_upper_th": 65
    },
    "3": {
      "stoch_k": 5,
      "stoch_d": 3,
      "stoch_smooth_k": 3,
      "stoch_lower_th": 15,
      "stoch_upper_th": 65
    },
    "4": {
      "stoch_k": 5,
      "stoch_d": 3,
      "stoch_smooth_k": 3,
      "stoch_lower_th": 15,
      "stoch_upper_th": 65
    },
    "5": {
      "stoch_k": 5,
      "stoch_d": 3,
      "stoch_smooth_k": 3,
      "stoch_lower_th": 15,
      "stoch_upper_th": 65
    },
    "6": {
      "stoch_k": 5,
      "stoch_d": 3,
      "stoch_smooth_k": 3,
      "stoch_lower_th": 15,
      "stoch_upper_th": 65
    }
  },
  "oos_sharpe": {
    "0": -2.419032453767931,
    "1": -0.6896002748960448,
    "2": 1.019862366544191,
    "3": 1.1232083381987632,
    "4": -2.4725850088086734,
    "5": -1.3328644542942314,
    "6": -3.017236672633548
  },
  "oos_return": {
    "0": -0.16818000898515714,
    "1": -0.05778662579365846,
    "2": 0.05740435177376693,
    "3": 0.04599794623424878,
    "4": -0.09636010171933958,
    "5": -0.06863226930227684,
    "6": -0.15753055019593049
  },
  "oos_drawdown": {
    "0": 0.19182831348734602,
    "1": 0.10681913011829555,
    "2": 0.04556707255422932,
    "3": 0.056106147551735465,
    "4": 0.10278039504429456,
    "5": 0.08834821352353293,
    "6": 0.17428727557349244
  },
  "oos_mean_sharpe": -1.1126068799510678,
  "oos_std_sharpe": 1.6811526651874702,
  "oos_mean_return": -0.06358389399833526,
  "oos_std_return": 0.08901875365078289,
  "oos_mean_drawdown": 0.10939093540756091,
  "oos_std_drawdown": 0.05539753293031461
}