{
  "strategy_name": "Stochastic + Fixed SMA100 Filter",
  "trend_filter_window": 100,
  "optimized_metric": "sharpe_ratio",
  "stops_enabled": true,
  "fixed_sl_atr_multiplier": 2.5,
  "fixed_tsl_atr_multiplier": 2.5,
  "best_params_per_split": {
    "0": {
      "stoch_k": 5,
      "stoch_d": 3,
      "stoch_smooth_k": 3,
      "stoch_lower_th": 15,
      "stoch_upper_th": 65
    },
    "1": {
      "stoch_k": 5,
      "stoch_d": 3,
      "stoch_smooth_k": 3,
      "stoch_lower_th": 15,
      "stoch_upper_th": 65
    },
    "2": {
      "stoch_k": 5,
      "stoch_d": 3,
      "stoch_smooth_k": 3,
      "stoch_lower_th": 15,
      "stoch_upper_th": 65
    },
    "3": {
      "stoch_k": 5,
      "stoch_d": 3,
      "stoch_smooth_k": 3,
      "stoch_lower_th": 15,
      "stoch_upper_th": 65
    },
    "4": {
      "stoch_k": 5,
      "stoch_d": 3,
      "stoch_smooth_k": 3,
      "stoch_lower_th": 15,
      "stoch_upper_th": 65
    },
    "5": {
      "stoch_k": 5,
      "stoch_d": 3,
      "stoch_smooth_k": 3,
      "stoch_lower_th": 15,
      "stoch_upper_th": 65
    },
    "6": {
      "stoch_k": 5,
      "stoch_d": 3,
      "stoch_smooth_k": 3,
      "stoch_lower_th": 15,
      "stoch_upper_th": 65
    }
  },
  "oos_sharpe": {
    "0": -2.3634863291377326,
    "1": -0.6638815986315583,
    "2": 1.019862366544191,
    "3": 1.187685952431235,
    "4": -2.476760563375334,
    "5": -1.3328644542942314,
    "6": -3.017236672633548
  },
  "oos_return": {
    "0": -0.16458760814366757,
    "1": -0.055640303366490305,
    "2": 0.05740435177376693,
    "3": 0.048697588425285904,
    "4": -0.09496155397238162,
    "5": -0.06863226930227684,
    "6": -0.15753055019593049
  },
  "oos_drawdown": {
    "0": 0.1883380431427322,
    "1": 0.10681913011829558,
    "2": 0.04556707255422932,
    "3": 0.05435587749633082,
    "4": 0.1013917838736002,
    "5": 0.08834821352353293,
    "6": 0.17428727557349244
  },
  "oos_mean_sharpe": -1.0923830427281396,
  "oos_std_sharpe": 1.6901186481790442,
  "oos_mean_return": -0.062178620683099144,
  "oos_std_return": 0.08881847791166239,
  "oos_mean_drawdown": 0.10844391375460193,
  "oos_std_drawdown": 0.054853809739181386
}