{
  "strategy_name": "Stochastic + Fixed SMA100 Filter",
  "trend_filter_window": 100,
  "optimized_metric": "sharpe_ratio",
  "stops_enabled": true,
  "fixed_sl_atr_multiplier": 3.0,
  "fixed_tsl_atr_multiplier": 3.0,
  "best_params_per_split": {
    "0": {
      "stoch_k": 5,
      "stoch_d": 3,
      "stoch_smooth_k": 3,
      "stoch_lower_th": 15,
      "stoch_upper_th": 65
    },
    "1": {
      "stoch_k": 5,
      "stoch_d": 3,
      "stoch_smooth_k": 3,
      "stoch_lower_th": 15,
      "stoch_upper_th": 65
    },
    "2": {
      "stoch_k": 5,
      "stoch_d": 3,
      "stoch_smooth_k": 3,
      "stoch_lower_th": 15,
      "stoch_upper_th": 65
    },
    "3": {
      "stoch_k": 5,
      "stoch_d": 3,
      "stoch_smooth_k": 3,
      "stoch_lower_th": 15,
      "stoch_upper_th": 65
    },
    "4": {
      "stoch_k": 5,
      "stoch_d": 3,
      "stoch_smooth_k": 3,
      "stoch_lower_th": 15,
      "stoch_upper_th": 65
    },
    "5": {
      "stoch_k": 5,
      "stoch_d": 3,
      "stoch_smooth_k": 3,
      "stoch_lower_th": 15,
      "stoch_upper_th": 65
    },
    "6": {
      "stoch_k": 5,
      "stoch_d": 3,
      "stoch_smooth_k": 3,
      "stoch_lower_th": 15,
      "stoch_upper_th": 65
    }
  },
  "oos_sharpe": {
    "0": -2.509796507711817,
    "1": -0.8027497472488601,
    "2": 0.9914566014333505,
    "3": 0.9600524645126546,
    "4": -2.4542771257242455,
    "5": -1.5811224591868533,
    "6": -3.128099307449032
  },
  "oos_return": {
    "0": -0.1821887837296647,
    "1": -0.06633898170677749,
    "2": 0.055740230328556024,
    "3": 0.03931155667658859,
    "4": -0.09513897039931107,
    "5": -0.08281085937068619,
    "6": -0.16405823778346693
  },
  "oos_drawdown": {
    "0": 0.20543882445550882,
    "1": 0.11492642396821783,
    "2": 0.04556707255422932,
    "3": 0.05983075017436033,
    "4": 0.10156793977019721,
    "5": 0.10222665974788275,
    "6": 0.1806851273927641
  },
  "oos_mean_sharpe": -1.217790868767829,
  "oos_std_sharpe": 1.672099484263943,
  "oos_mean_return": -0.07078343514068026,
  "oos_std_return": 0.09128534917770095,
  "oos_mean_drawdown": 0.11574897115188006,
  "oos_std_drawdown": 0.05873379441975591
}