{
  "strategy_name": "Stochastic + Fixed SMA50 Filter",
  "trend_filter_window": 50,
  "optimized_metric": "sharpe_ratio",
  "stops_enabled": true,
  "fixed_sl_atr_multiplier": 2.0,
  "fixed_tsl_atr_multiplier": 3.5,
  "best_params_per_split": {
    "0": {
      "stoch_k": 5,
      "stoch_d": 3,
      "stoch_smooth_k": 3,
      "stoch_lower_th": 15,
      "stoch_upper_th": 65
    },
    "1": {
      "stoch_k": 5,
      "stoch_d": 3,
      "stoch_smooth_k": 3,
      "stoch_lower_th": 15,
      "stoch_upper_th": 65
    },
    "2": {
      "stoch_k": 5,
      "stoch_d": 3,
      "stoch_smooth_k": 3,
      "stoch_lower_th": 15,
      "stoch_upper_th": 65
    },
    "3": {
      "stoch_k": 5,
      "stoch_d": 3,
      "stoch_smooth_k": 3,
      "stoch_lower_th": 15,
      "stoch_upper_th": 65
    },
    "4": {
      "stoch_k": 5,
      "stoch_d": 3,
      "stoch_smooth_k": 3,
      "stoch_lower_th": 15,
      "stoch_upper_th": 65
    },
    "5": {
      "stoch_k": 5,
      "stoch_d": 3,
      "stoch_smooth_k": 3,
      "stoch_lower_th": 15,
      "stoch_upper_th": 65
    },
    "6": {
      "stoch_k": 5,
      "stoch_d": 3,
      "stoch_smooth_k": 3,
      "stoch_lower_th": 15,
      "stoch_upper_th": 65
    }
  },
  "oos_sharpe": {
    "0": -0.5378127839216365,
    "1": -1.8366122884531209,
    "2": -0.08210001656314381,
    "3": 2.539655039158314,
    "4": -2.4987161426592746,
    "5": 0.25951239839325446,
    "6": -1.0497604220443093
  },
  "oos_return": {
    "0": -0.039032331932373925,
    "1": -0.11191406207037144,
    "2": -0.005968354336236371,
    "3": 0.13224567410225355,
    "4": -0.09170092071221263,
    "5": 0.011201154301265887,
    "6": -0.05126914530984322
  },
  "oos_drawdown": {
    "0": 0.12913341418654012,
    "1": 0.14546756758197735,
    "2": 0.05822273825209215,
    "3": 0.05849050131926479,
    "4": 0.09479189286329531,
    "5": 0.06711202309886917,
    "6": 0.08286863340692968
  },
  "oos_mean_sharpe": -0.4579763165842738,
  "oos_std_sharpe": 1.6362408779282394,
  "oos_mean_return": -0.02234828370821688,
  "oos_std_return": 0.0808700081225437,
  "oos_mean_drawdown": 0.09086953867270979,
  "oos_std_drawdown": 0.03464848111501238
}