{
  "strategy_name": "Stochastic + Fixed SMA200 Filter",
  "trend_filter_window": 200,
  "optimized_metric": "sharpe_ratio",
  "stops_enabled": true,
  "fixed_sl_atr_multiplier": 1.5,
  "fixed_tsl_atr_multiplier": 3.0,
  "best_params_per_split": {
    "0": {
      "stoch_k": 5,
      "stoch_d": 3,
      "stoch_smooth_k": 3,
      "stoch_lower_th": 15,
      "stoch_upper_th": 65
    },
    "1": {
      "stoch_k": 5,
      "stoch_d": 3,
      "stoch_smooth_k": 3,
      "stoch_lower_th": 15,
      "stoch_upper_th": 65
    },
    "2": {
      "stoch_k": 5,
      "stoch_d": 3,
      "stoch_smooth_k": 3,
      "stoch_lower_th": 15,
      "stoch_upper_th": 65
    },
    "3": {
      "stoch_k": 5,
      "stoch_d": 3,
      "stoch_smooth_k": 3,
      "stoch_lower_th": 15,
      "stoch_upper_th": 65
    },
    "4": {
      "stoch_k": 5,
      "stoch_d": 3,
      "stoch_smooth_k": 3,
      "stoch_lower_th": 15,
      "stoch_upper_th": 65
    },
    "5": {
      "stoch_k": 5,
      "stoch_d": 3,
      "stoch_smooth_k": 3,
      "stoch_lower_th": 15,
      "stoch_upper_th": 65
    },
    "6": {
      "stoch_k": 5,
      "stoch_d": 3,
      "stoch_smooth_k": 3,
      "stoch_lower_th": 15,
      "stoch_upper_th": 65
    }
  },
  "oos_sharpe": {
    "0": 0.4289739830270995,
    "1": -0.6757427859372979,
    "2": -0.7466393718614374,
    "3": 1.224700753133394,
    "4": -2.414841575879978,
    "5": -1.263596452476009,
    "6": -4.487035348757419
  },
  "oos_return": {
    "0": 0.026620532231617106,
    "1": -0.04435412523685809,
    "2": -0.04426347260202182,
    "3": 0.04737058960428858,
    "4": -0.08802341099493277,
    "5": -0.06484720627666356,
    "6": -0.23769188231588997
  },
  "oos_drawdown": {
    "0": 0.07597376755612859,
    "1": 0.08547519272207468,
    "2": 0.08937024867032178,
    "3": 0.045512220706552184,
    "4": 0.09971934772876537,
    "5": 0.08003479773625545,
    "6": 0.24631131551795526
  },
  "oos_mean_sharpe": -1.133454399821664,
  "oos_std_sharpe": 1.8826665129624445,
  "oos_mean_return": -0.05788413937006579,
  "oos_std_return": 0.09298374925913919,
  "oos_mean_drawdown": 0.10319955580543619,
  "oos_std_drawdown": 0.06532504444676332
}