{
  "strategy_name": "Stochastic + Fixed SMA100 Filter",
  "trend_filter_window": 100,
  "optimized_metric": "sharpe_ratio",
  "stops_enabled": true,
  "fixed_sl_atr_multiplier": 2.0,
  "fixed_tsl_atr_multiplier": 2.5,
  "best_params_per_split": {
    "0": {
      "stoch_k": 5,
      "stoch_d": 3,
      "stoch_smooth_k": 3,
      "stoch_lower_th": 15,
      "stoch_upper_th": 65
    },
    "1": {
      "stoch_k": 5,
      "stoch_d": 3,
      "stoch_smooth_k": 3,
      "stoch_lower_th": 15,
      "stoch_upper_th": 65
    },
    "2": {
      "stoch_k": 5,
      "stoch_d": 3,
      "stoch_smooth_k": 3,
      "stoch_lower_th": 15,
      "stoch_upper_th": 65
    },
    "3": {
      "stoch_k": 5,
      "stoch_d": 3,
      "stoch_smooth_k": 3,
      "stoch_lower_th": 15,
      "stoch_upper_th": 65
    },
    "4": {
      "stoch_k": 5,
      "stoch_d": 3,
      "stoch_smooth_k": 3,
      "stoch_lower_th": 15,
      "stoch_upper_th": 65
    },
    "5": {
      "stoch_k": 5,
      "stoch_d": 3,
      "stoch_smooth_k": 3,
      "stoch_lower_th": 15,
      "stoch_upper_th": 65
    },
    "6": {
      "stoch_k": 5,
      "stoch_d": 3,
      "stoch_smooth_k": 3,
      "stoch_lower_th": 15,
      "stoch_upper_th": 65
    }
  },
  "oos_sharpe": {
    "0": -1.9712742933346097,
    "1": -1.152646895924783,
    "2": 0.41511701773735976,
    "3": 1.3538794574431612,
    "4": -2.356122084581796,
    "5": -1.198626206041414,
    "6": -2.8844093449618393
  },
  "oos_return": {
    "0": -0.13479885710007858,
    "1": -0.07738612872676458,
    "2": 0.020454367256424667,
    "3": 0.055567798803361254,
    "4": -0.08849854360847603,
    "5": -0.059090299419570516,
    "6": -0.15063357657063753
  },
  "oos_drawdown": {
    "0": 0.16617375756827385,
    "1": 0.11256229354099417,
    "2": 0.06432373722674184,
    "3": 0.0506219550505791,
    "4": 0.09497469271089118,
    "5": 0.07900823576463312,
    "6": 0.16752748281927107
  },
  "oos_mean_sharpe": -1.1134403356662743,
  "oos_std_sharpe": 1.519288023543416,
  "oos_mean_return": -0.0620550341951059,
  "oos_std_return": 0.07607435552646495,
  "oos_mean_drawdown": 0.10502745066876919,
  "oos_std_drawdown": 0.04672027834461566
}